codon_number,percentage_conservation
2,76.06099110546378
3,74.2566709021601
4,72.50317662007623
5,72.19822109275731
6,70.24142312579416
7,69.25031766200763
8,66.96315120711563
9,67.1156289707751
10,64.04066073697587
11,63.60864040660737
12,64.11689961880559
13,62.210927573062264
14,61.982210927573064
15,62.31257941550191
16,60.864040660736975
17,62.134688691232526
18,59.51715374841169
19,61.143583227445994
20,59.135959339263025
21,60.177890724269375
22,58.57687420584498
23,57.255400254129604
24,58.983481575603555
25,57.35705209656925
26,59.288437102922494
27,58.06861499364676
28,57.22998729351969
29,56.69631512071156
30,56.289707750952985
31,56.060991105463785
32,57.50952986022872
33,55.603557814485384
34,56.39135959339263
35,57.0012706480305
36,56.34053367217281
37,55.34942820838628
38,56.518424396442185
39,54.81575603557815
40,53.64675984752223
