codon_number,percentage_conservation
2,92.52858958068614
3,91.20711562897077
4,90.26683608640407
5,89.1994917407878
6,89.04701397712833
7,89.09783989834816
8,88.64040660736975
9,88.43710292249047
10,86.50571791613723
11,86.02287166454892
12,87.57306226175349
13,86.32782719186785
14,86.50571791613723
15,86.50571791613723
16,85.5400254129606
17,87.80177890724269
18,84.93011435832274
19,85.61626429479034
20,85.76874205844982
21,84.80304955527319
22,85.5146124523507
23,85.23506988564168
24,85.48919949174079
25,84.06607369758576
26,86.4548919949174
27,85.31130876747142
28,84.5997458703939
29,85.61626429479034
30,85.69250317662008
31,85.00635324015248
32,84.85387547649302
33,84.65057179161373
34,85.26048284625159
35,84.75222363405337
36,84.90470139771284
37,83.96442185514613
38,85.26048284625159
39,84.26937738246505
40,83.48157560355781
